,year,countries,hf_score,hf_rank
5,2008,Hong Kong,9.12,1
0,2009,Hong Kong,9.06,1
1,2010,Hong Kong,9.02,1
2,2011,Hong Kong,9.02,1
8,2012,Hong Kong,8.99,1
774,2014,New Zealand,8.95,1
9,2013,Hong Kong,8.94,1
771,2008,New Zealand,8.94,2
772,2010,New Zealand,8.92,2
776,2016,New Zealand,8.9,1
777,2015,New Zealand,8.89,1
770,2017,New Zealand,8.88,1
6,2014,Hong Kong,8.87,2
883,2010,Switzerland,8.86,3
775,2009,New Zealand,8.85,2
881,2009,Switzerland,8.84,3
880,2008,Switzerland,8.83,3
658,2012,New Zealand,8.82,2
886,2017,Switzerland,8.82,2
884,2011,Switzerland,8.82,2
662,2013,New Zealand,8.82,2
4,2015,Hong Kong,8.82,2
888,2014,Switzerland,8.82,3
768,2011,New Zealand,8.82,2
7,2017,Hong Kong,8.81,3
879,2012,Switzerland,8.81,3
885,2015,Switzerland,8.81,3
882,2016,Switzerland,8.79,2
996,2014,Canada,8.74,4
3,2016,Hong Kong,8.74,3
887,2013,Switzerland,8.73,3
1439,2011,Finland,8.73,4
1441,2008,Denmark,8.73,4
1101,2008,Australia,8.73,4
233,2008,Finland,8.7,6
231,2010,Finland,8.7,4
993,2010,Australia,8.69,5
1218,2014,Australia,8.69,5
1212,2008,Canada,8.69,7
338,2010,Denmark,8.69,5
988,2009,Canada,8.68,4
1100,2009,Australia,8.68,4
119,2012,Finland,8.68,4
647,2014,Finland,8.68,6
989,2015,Ireland,8.68,4
1097,2010,Canada,8.67,7
550,2013,Denmark,8.66,4
548,2014,Denmark,8.66,7
227,2009,Finland,8.66,6
1095,2013,Canada,8.66,4
1322,2017,Canada,8.65,4
546,2011,Denmark,8.64,5
994,2011,Australia,8.64,5
453,2014,Luxembourg,8.64,8
1216,2012,Canada,8.64,5
1217,2011,Canada,8.63,7
456,2009,Denmark,8.63,7
1323,2016,Australia,8.62,4
1437,2017,Australia,8.62,5
616,2013,Finland,8.62,6
1435,2015,Australia,8.61,5
702,2008,Norway,8.61,8
734,2013,Norway,8.61,7
1215,2016,Canada,8.6,5
551,2015,Denmark,8.6,6
712,2012,Norway,8.6,6
671,2015,Sweden,8.6,6
1327,2012,Australia,8.6,6
759,2014,Norway,8.6,9
651,2012,Denmark,8.59,8
687,2015,Finland,8.59,8
656,2014,Germany,8.58,10
680,2014,Austria,8.58,10
623,2015,Germany,8.57,9
1432,2015,Canada,8.57,9
677,2016,Netherlands,8.57,6
631,2017,Luxembourg,8.56,6
341,2017,Denmark,8.56,6
1440,2013,Australia,8.56,8
15,2014,United Kingdom,8.56,12
678,2015,Luxembourg,8.56,11
987,2013,Ireland,8.56,8
700,2015,Netherlands,8.56,11
716,2015,Austria,8.56,11
1326,2008,United Kingdom,8.55,9
1105,2015,United Kingdom,8.55,14
1219,2009,United Kingdom,8.55,8
612,2016,Germany,8.55,7
761,2010,Norway,8.55,8
683,2014,Sweden,8.54,13
1096,2016,Ireland,8.54,8
1328,2011,United Kingdom,8.54,8
613,2010,Sweden,8.54,9
1104,2012,Ireland,8.53,9
450,2013,Germany,8.53,10
544,2011,Germany,8.53,9
679,2017,Finland,8.53,8
1324,2013,United Kingdom,8.53,10
632,2011,Sweden,8.53,9
696,2013,Austria,8.53,10
674,2017,Germany,8.53,8
675,2016,Luxembourg,8.52,9
1442,2016,United Kingdom,8.52,9
1102,2017,Ireland,8.52,10
1438,2012,United Kingdom,8.52,10
343,2016,Denmark,8.52,9
694,2016,Finland,8.51,12
1211,2010,United Kingdom,8.51,10
745,2016,Norway,8.51,12
13,2011,Ireland,8.51,11
676,2014,Netherlands,8.5,14
836,2017,Sweden,8.5,11
809,2016,Sweden,8.5,14
688,2012,Sweden,8.5,11
718,2017,Netherlands,8.5,11
12,2010,Estonia,8.5,11
703,2009,Norway,8.49,9
726,2011,Norway,8.49,12
633,2013,Luxembourg,8.49,13
668,2008,Netherlands,8.49,10
1099,2014,Ireland,8.49,15
617,2012,Germany,8.49,12
646,2012,Austria,8.49,12
729,2017,Austria,8.48,13
122,2016,Estonia,8.48,15
126,2008,Ireland,8.48,11
652,2011,Netherlands,8.48,13
347,2015,Malta,8.48,15
737,2008,Sweden,8.48,11
727,2016,Austria,8.47,16
1213,2017,United Kingdom,8.47,14
639,2011,Austria,8.46,14
756,2013,Sweden,8.46,14
545,2008,Luxembourg,8.46,13
124,2015,Estonia,8.46,16
686,2010,Luxembourg,8.46,12
337,2017,Estonia,8.46,15
991,2017,United States,8.46,15
117,2016,Malta,8.45,17
226,2009,Malta,8.45,10
634,2016,Taiwan,8.45,17
992,2016,United States,8.45,17
682,2009,Sweden,8.45,10
621,2009,Germany,8.44,12
125,2009,Estonia,8.44,12
802,2017,Norway,8.44,17
345,2008,Estonia,8.44,14
455,2010,Ireland,8.44,13
695,2011,Luxembourg,8.44,15
1103,2015,United States,8.44,17
670,2012,Netherlands,8.43,14
650,2014,Estonia,8.43,16
722,2013,Netherlands,8.43,15
1436,2014,Malta,8.43,16
733,2014,Belgium,8.42,18
541,2008,Austria,8.42,15
714,2010,Netherlands,8.42,14
648,2008,Malta,8.42,15
698,2008,Germany,8.42,15
704,2017,Iceland,8.41,18
640,2010,Germany,8.41,15
342,2011,Malta,8.41,16
697,2009,Netherlands,8.4,14
234,2014,United States,8.4,19
715,2015,Taiwan,8.4,18
655,2017,Taiwan,8.4,19
725,2012,Luxembourg,8.4,15
549,2010,Malta,8.4,16
542,2009,Austria,8.4,14
452,2011,Estonia,8.4,17
721,2016,Iceland,8.39,20
344,2013,Malta,8.39,16
995,2008,United States,8.39,18
641,2009,Ireland,8.39,16
10,2012,United States,8.39,16
451,2008,Cyprus,8.39,18
692,2016,Czech Rep.,8.38,21
654,2013,Estonia,8.38,17
543,2012,Estonia,8.38,17
454,2015,Lithuania,8.38,19
118,2017,Malta,8.37,20
826,2015,Belgium,8.37,20
642,2010,Austria,8.37,17
735,2015,Czech Rep.,8.36,21
630,2009,Luxembourg,8.36,17
121,2013,United States,8.35,18
340,2016,Lithuania,8.35,22
644,2010,Cyprus,8.34,18
339,2012,Malta,8.34,18
348,2014,Lithuania,8.34,20
693,2017,Czech Rep.,8.34,21
785,2014,Czech Rep.,8.33,21
620,2015,Latvia,8.33,22
747,2010,Belgium,8.33,19
746,2012,Czech Rep.,8.33,19
637,2013,Japan,8.32,19
804,2014,Portugal,8.32,22
618,2017,Lithuania,8.32,22
645,2008,Japan,8.31,20
1070,2015,Norway,8.31,23
649,2009,Cyprus,8.31,18
841,2008,Czech Rep.,8.3,21
230,2011,United States,8.3,18
619,2015,Japan,8.3,24
691,2016,Latvia,8.3,23
653,2016,Japan,8.3,23
755,2014,Romania,8.3,23
719,2014,Japan,8.3,23
622,2014,Latvia,8.3,23
709,2017,Latvia,8.29,23
685,2008,Slovak Rep.,8.29,22
990,2012,Mauritius,8.29,20
898,2017,Belgium,8.29,23
669,2012,Japan,8.29,20
799,2013,Czech Rep.,8.29,20
798,2009,Czech Rep.,8.29,19
825,2013,Belgium,8.28,21
818,2008,Belgium,8.28,23
810,2011,Belgium,8.28,19
845,2015,Portugal,8.28,25
638,2017,Japan,8.28,25
782,2009,Belgium,8.28,20
873,2017,Portugal,8.27,26
757,2013,Portugal,8.27,22
807,2010,Czech Rep.,8.27,20
643,2010,Japan,8.26,21
839,2016,"Korea, South",8.26,25
1325,2009,United States,8.26,21
713,2011,Japan,8.26,20
1059,2014,Iceland,8.26,26
672,2009,Japan,8.26,21
739,2014,Taiwan,8.25,27
871,2016,Portugal,8.25,26
791,2012,Belgium,8.25,22
673,2013,Latvia,8.25,23
740,2009,France,8.25,23
789,2008,France,8.25,24
1098,2011,Mauritius,8.25,21
827,2011,Czech Rep.,8.25,21
1434,2010,United States,8.25,22
801,2010,Spain,8.23,23
835,2014,"Korea, South",8.23,28
891,2016,Belgium,8.22,27
1039,2008,Iceland,8.22,25
1036,2015,Iceland,8.22,26
861,2014,Spain,8.22,29
832,2008,Spain,8.22,25
824,2015,"Korea, South",8.21,27
959,2011,Poland,8.21,23
817,2015,Spain,8.2,28
816,2017,"Korea, South",8.2,27
754,2011,Slovak Rep.,8.19,24
1319,2010,Mauritius,8.19,24
701,2013,Lithuania,8.19,24
699,2012,Latvia,8.19,23
751,2011,Spain,8.18,25
120,2011,Chile,8.18,25
897,2012,Portugal,8.18,24
933,2011,Portugal,8.18,25
728,2010,Slovak Rep.,8.18,25
14,2008,Mauritius,8.18,27
787,2010,"Korea, South",8.17,26
793,2015,Romania,8.17,29
766,2016,Spain,8.17,28
780,2015,Cyprus,8.17,29
899,2014,Poland,8.16,30
730,2009,Slovak Rep.,8.16,24
913,2012,Poland,8.16,25
717,2013,Taiwan,8.16,25
778,2011,Latvia,8.16,28
708,2011,Taiwan,8.16,28
706,2008,Latvia,8.16,28
123,2010,Chile,8.16,27
805,2012,Spain,8.16,25
842,2010,Hungary,8.15,28
857,2008,"Korea, South",8.15,29
811,2009,Hungary,8.15,25
779,2010,France,8.15,28
346,2017,Chile,8.15,28
1203,2013,Iceland,8.14,26
767,2016,Romania,8.14,29
689,2011,Cyprus,8.14,30
890,2009,Spain,8.13,26
840,2013,Slovak Rep.,8.13,27
1228,2012,Iceland,8.13,27
664,2009,Singapore,8.13,26
1214,2013,Mauritius,8.13,27
843,2017,Spain,8.12,29
710,2012,Taiwan,8.12,28
1006,2013,Poland,8.12,29
1266,2011,Iceland,8.12,31
797,2012,Slovak Rep.,8.12,28
16,2009,Chile,8.12,28
547,2008,Chile,8.11,30
969,2008,Portugal,8.11,30
752,2017,Romania,8.11,30
228,2012,Chile,8.11,30
660,2017,Singapore,8.11,30
903,2008,Hungary,8.11,30
762,2012,Lithuania,8.11,30
661,2016,Singapore,8.1,30
981,2009,Poland,8.1,29
659,2008,Singapore,8.1,33
919,2014,France,8.1,31
838,2011,Lithuania,8.1,32
1431,2009,Mauritius,8.1,29
833,2014,Slovak Rep.,8.1,31
743,2016,Cyprus,8.09,31
900,2013,Spain,8.09,30
894,2015,Italy,8.09,31
666,2015,Singapore,8.08,32
794,2011,"Korea, South",8.08,33
938,2015,France,8.08,32
864,2011,France,8.08,33
1046,2010,Poland,8.07,30
851,2011,Hungary,8.07,35
896,2011,Italy,8.07,35
950,2014,Costa Rica,8.06,33
924,2010,Italy,8.06,31
784,2013,Romania,8.06,31
831,2012,"Korea, South",8.06,32
939,2014,Italy,8.06,33
834,2009,"Korea, South",8.06,31
949,2013,Italy,8.06,31
830,2010,Lithuania,8.06,31
1117,2015,Slovenia,8.06,34
1109,2010,Portugal,8.05,33
806,2010,Latvia,8.05,33
614,2014,Chile,8.05,35
916,2016,Italy,8.05,32
972,2010,Uruguay,8.05,33
927,2012,Italy,8.05,33
958,2012,France,8.05,33
1013,2016,France,8.04,33
1007,2013,France,8.04,33
954,2017,Italy,8.04,32
813,2009,Romania,8.04,32
957,2010,Romania,8.04,36
1190,2014,Slovenia,8.04,36
17,2013,Chile,8.03,34
690,2010,Taiwan,8.03,37
889,2017,Slovak Rep.,8.02,33
1084,2008,Poland,8.02,34
615,2015,Chile,8.02,35
978,2015,Poland,8.02,35
945,2013,"Korea, South",8.02,35
1003,2017,France,8.02,33
895,2009,Lithuania,8.01,33
983,2011,Uruguay,8.01,37
1029,2014,Cyprus,8.01,37
1296,2009,Iceland,8.01,33
973,2008,Italy,8.01,35
665,2010,Singapore,8.01,38
636,2016,Chile,8.0,34
963,2008,Romania,8.0,36
812,2012,Cyprus,7.99,35
934,2016,Slovak Rep.,7.99,35
738,2009,Latvia,7.98,35
865,2012,Romania,7.98,36
998,2015,Slovak Rep.,7.98,37
1060,2009,Portugal,7.98,35
663,2014,Singapore,7.97,38
731,2008,Bahamas,7.97,37
1178,2017,Slovenia,7.97,35
1037,2009,Italy,7.97,37
116,2014,Mauritius,7.97,38
1187,2016,Slovenia,7.96,36
1210,2012,Slovenia,7.96,37
953,2011,Romania,7.95,38
1002,2014,Hungary,7.95,40
863,2012,Costa Rica,7.94,38
1201,2011,Slovenia,7.94,39
920,2008,Lithuania,7.94,38
935,2012,Hungary,7.94,38
748,2017,Cyprus,7.93,36
1080,2008,Uruguay,7.93,39
1082,2009,Uruguay,7.93,38
1026,2012,Uruguay,7.92,40
911,2013,Costa Rica,7.92,36
1320,2014,Georgia,7.91,41
657,2011,Singapore,7.9,40
1041,2013,Hungary,7.9,37
1336,2013,Slovenia,7.9,37
229,2015,Georgia,7.88,38
848,2009,Bulgaria,7.88,39
1517,2010,Iceland,7.88,39
867,2011,Bulgaria,7.88,41
1069,2008,Slovenia,7.88,40
852,2016,Israel,7.87,37
1047,2009,Slovenia,7.87,40
952,2014,Bulgaria,7.87,42
870,2010,Bulgaria,7.87,40
822,2011,Costa Rica,7.87,42
1065,2017,Croatia,7.86,37
795,2009,Taiwan,7.86,41
893,2012,Bulgaria,7.84,41
922,2015,Costa Rica,7.84,39
783,2017,Albania,7.84,38
1094,2015,Hungary,7.84,39
929,2013,Bulgaria,7.84,39
769,2013,Singapore,7.83,40
1150,2013,Cyprus,7.83,40
946,2015,Bulgaria,7.82,41
1321,2015,Mauritius,7.82,41
773,2012,Singapore,7.82,42
1194,2015,Cape Verde,7.81,43
877,2008,Costa Rica,7.81,41
918,2009,Costa Rica,7.81,42
1239,2015,Croatia,7.8,44
1071,2016,Poland,7.8,38
1073,2013,Uruguay,7.8,42
921,2010,Montenegro,7.79,41
856,2017,Bulgaria,7.79,39
819,2008,Taiwan,7.79,42
906,2016,Costa Rica,7.79,39
235,2013,Georgia,7.79,43
999,2008,Bulgaria,7.78,43
1209,2010,Slovenia,7.78,42
914,2016,Bulgaria,7.78,40
1091,2017,Poland,7.78,40
723,2010,Georgia,7.78,42
1153,2008,Greece,7.77,44
1074,2011,North Macedonia,7.77,43
1093,2016,Hungary,7.76,41
764,2009,Bahamas,7.76,43
11,2016,Mauritius,7.75,42
1272,2014,Croatia,7.75,43
232,2017,Georgia,7.74,41
1222,2017,Uruguay,7.74,41
966,2010,Israel,7.74,44
1198,2011,Croatia,7.74,44
915,2009,Albania,7.74,44
1075,2010,Costa Rica,7.74,44
1191,2012,Croatia,7.73,43
1256,2016,Croatia,7.72,43
878,2010,Albania,7.71,46
1200,2015,Uruguay,7.71,45
964,2016,Mongolia,7.7,44
960,2017,Costa Rica,7.7,43
1179,2009,Greece,7.7,45
732,2015,Panama,7.69,46
1224,2010,Greece,7.69,47
796,2017,Panama,7.69,44
1149,2014,Montenegro,7.69,44
814,2014,Albania,7.69,44
1225,2014,Uruguay,7.68,46
1318,2013,Croatia,7.68,44
948,2008,Albania,7.68,45
800,2016,Albania,7.67,45
1359,2011,Greece,7.67,45
1025,2015,Mongolia,7.67,47
1012,2008,Montenegro,7.67,46
855,2009,Georgia,7.67,46
1092,2011,Montenegro,7.66,46
868,2015,Israel,7.66,48
1051,2012,Montenegro,7.66,44
937,2011,Israel,7.66,46
449,2012,Georgia,7.66,44
736,2011,Peru,7.66,46
1040,2017,Hungary,7.65,45
858,2010,Bahamas,7.65,48
829,2016,Panama,7.65,46
349,2016,Georgia,7.65,46
667,2011,Georgia,7.65,49
1195,2016,Cape Verde,7.64,48
1184,2009,Croatia,7.64,47
892,2013,Israel,7.64,45
1115,2014,Mongolia,7.64,47
1229,2016,Uruguay,7.64,48
1016,2015,Bahamas,7.63,49
985,2011,Bahamas,7.62,50
961,2009,Montenegro,7.62,48
859,2017,Israel,7.61,46
942,2017,Mongolia,7.61,46
849,2015,Peru,7.61,50
1316,2014,Cape Verde,7.61,48
951,2012,Israel,7.6,46
965,2013,Bahamas,7.6,46
980,2016,Bahamas,7.6,50
1186,2013,Montenegro,7.6,46
821,2014,Panama,7.6,49
1166,2013,Mongolia,7.59,48
872,2013,Panama,7.59,48
997,2014,Bahamas,7.59,50
1339,2012,Greece,7.59,47
854,2016,Peru,7.58,51
803,2015,Albania,7.58,51
975,2012,Bahamas,7.58,48
1145,2010,North Macedonia,7.57,49
705,2010,Peru,7.57,49
1009,2012,North Macedonia,7.57,49
1087,2017,Bahamas,7.56,48
844,2009,Panama,7.56,49
1192,2008,North Macedonia,7.55,47
1152,2011,Mongolia,7.55,51
750,2012,Peru,7.55,50
1329,2014,Greece,7.55,51
909,2017,Peru,7.55,49
932,2012,Panama,7.54,51
1164,2016,Seychelles,7.54,52
1269,2013,Greece,7.54,50
1276,2015,Montenegro,7.54,52
684,2011,Armenia,7.53,52
875,2008,Panama,7.53,48
681,2013,Armenia,7.53,51
1133,2015,Seychelles,7.53,53
1372,2013,Cape Verde,7.52,52
907,2011,Albania,7.52,53
635,2012,Armenia,7.52,52
1433,2017,Mauritius,7.52,50
707,2009,Peru,7.51,50
1038,2011,Panama,7.51,54
943,2010,Panama,7.51,51
837,2014,Peru,7.51,52
1052,2009,Israel,7.51,50
1126,2009,North Macedonia,7.5,52
1385,2014,Bosnia and Herzegovina,7.5,53
1260,2012,Mongolia,7.5,53
763,2008,Georgia,7.48,49
1527,2017,Suriname,7.48,51
1355,2010,Croatia,7.47,52
1226,2008,Croatia,7.46,50
1144,2008,Fiji,7.46,50
749,2008,Peru,7.46,50
905,2014,Israel,7.46,54
1140,2017,Cape Verde,7.45,52
1390,2010,Bosnia and Herzegovina,7.45,53
1426,2012,Cape Verde,7.45,54
1515,2011,Cape Verde,7.45,55
979,2012,Albania,7.44,55
908,2013,Albania,7.44,53
758,2016,Armenia,7.44,53
1337,2015,Suriname,7.44,54
711,2014,Armenia,7.43,55
1360,2017,Montenegro,7.43,53
724,2008,Armenia,7.42,53
742,2017,Armenia,7.42,54
853,2013,Peru,7.42,54
741,2010,Armenia,7.41,54
1034,2008,Israel,7.41,54
57,2010,Cape Verde,7.4,55
917,2015,Cambodia,7.4,55
788,2008,El Salvador,7.4,55
1049,2014,El Salvador,7.4,56
720,2009,Armenia,7.39,53
1466,2016,Bosnia and Herzegovina,7.39,54
1445,2009,Bosnia and Herzegovina,7.38,54
1151,2016,North Macedonia,7.38,55
1063,2013,North Macedonia,7.38,55
1482,2013,Barbados,7.38,55
1422,2012,Barbados,7.37,56
1471,2017,Bosnia and Herzegovina,7.37,55
1463,2014,Serbia,7.37,57
904,2008,Belize,7.37,56
1454,2010,Barbados,7.35,56
1410,2011,Bosnia and Herzegovina,7.35,56
1475,2009,Barbados,7.35,55
1400,2015,Serbia,7.35,56
1455,2011,Barbados,7.35,56
1520,2014,Barbados,7.34,58
1281,2016,Montenegro,7.34,56
760,2015,Armenia,7.34,57
1254,2017,North Macedonia,7.34,56
944,2016,Cambodia,7.33,57
44,2017,Greece,7.33,57
1346,2016,Serbia,7.33,57
1114,2015,North Macedonia,7.33,58
1169,2010,Mongolia,7.33,57
1315,2012,Bosnia and Herzegovina,7.33,57
41,2015,Greece,7.32,59
786,2014,Guatemala,7.32,59
1231,2009,Rwanda,7.31,56
1469,2015,Bosnia and Herzegovina,7.3,60
1116,2013,Cambodia,7.3,57
1148,2009,Mongolia,7.3,57
1332,2017,Serbia,7.3,58
1162,2009,Ghana,7.29,58
50,2016,Fiji,7.28,59
1031,2014,Seychelles,7.28,60
1425,2008,Bosnia and Herzegovina,7.27,57
1379,2011,Ghana,7.26,58
1163,2014,Cambodia,7.26,61
1494,2013,Serbia,7.26,58
78,2015,Barbados,7.25,61
1486,2013,Bosnia and Herzegovina,7.25,59
34,2016,Greece,7.25,60
1450,2015,South Africa,7.24,62
1175,2011,Turkey,7.23,59
1143,2011,Belize,7.23,59
1181,2009,Fiji,7.23,59
1188,2010,Cambodia,7.22,58
1064,2014,North Macedonia,7.22,62
1122,2008,Nicaragua,7.22,58
941,2008,Guatemala,7.21,59
141,2016,Barbados,7.21,61
1249,2008,Ghana,7.21,59
1056,2010,El Salvador,7.21,59
38,2008,Barbados,7.21,59
1156,2010,Nicaragua,7.21,59
1083,2009,Belize,7.21,60
1118,2017,Jamaica,7.2,59
744,2013,Guatemala,7.19,60
1128,2013,El Salvador,7.19,60
1414,2009,Serbia,7.19,61
1335,2010,Fiji,7.19,61
1420,2008,Serbia,7.19,62
1483,2010,Suriname,7.19,61
1061,2009,Jamaica,7.19,61
1451,2014,South Africa,7.18,63
928,2009,El Salvador,7.18,63
1057,2015,Jamaica,7.18,63
1387,2010,Ghana,7.18,63
955,2009,Guatemala,7.18,63
1028,2010,Guatemala,7.18,63
1429,2014,Suriname,7.18,63
986,2017,Botswana,7.17,60
1235,2008,Moldova,7.17,63
1444,2017,Fiji,7.17,60
1240,2014,Jamaica,7.17,65
970,2013,Jamaica,7.17,62
1457,2013,Suriname,7.17,62
1132,2016,Jamaica,7.17,62
184,2016,Suriname,7.17,62
1135,2012,Belize,7.17,58
1352,2008,Mongolia,7.17,63
1467,2012,Ghana,7.17,58
1138,2017,Seychelles,7.16,62
1108,2009,Nicaragua,7.16,65
22,2013,Ghana,7.16,64
1124,2008,Jamaica,7.16,65
23,2012,Serbia,7.15,60
36,2015,Fiji,7.15,64
1289,2014,Dominican Rep.,7.15,66
866,2008,Bahrain,7.15,66
1338,2012,Cambodia,7.14,61
1045,2010,Rwanda,7.14,65
1344,2011,Cambodia,7.14,61
847,2012,Guatemala,7.14,61
1170,2013,Seychelles,7.14,65
1154,2012,El Salvador,7.14,61
1362,2016,Belize,7.14,64
1427,2012,Suriname,7.13,64
1301,2011,Paraguay,7.13,62
753,2015,Guatemala,7.13,65
931,2008,Honduras,7.13,67
923,2017,Cambodia,7.13,63
1447,2009,Moldova,7.13,66
58,2010,Brazil,7.12,66
140,2011,Guyana,7.11,63
1247,2011,Fiji,7.11,63
1244,2008,Thailand,7.11,68
1313,2011,South Africa,7.11,63
947,2015,Philippines,7.11,66
1204,2012,Turkey,7.1,65
1189,2010,Jamaica,7.1,67
145,2008,Argentina,7.1,69
815,2016,Guatemala,7.1,65
63,2016,Ghana,7.1,65
1015,2016,Botswana,7.08,67
31,2017,South Africa,7.08,64
1024,2011,Guatemala,7.08,66
1361,2009,Thailand,7.08,67
1358,2013,Turkey,7.08,66
1177,2015,El Salvador,7.07,67
1125,2012,Jamaica,7.07,66
1345,2010,Paraguay,7.07,68
823,2017,Guatemala,7.07,65
1223,2013,Belize,7.07,67
1273,2012,Paraguay,7.06,67
1085,2013,Nicaragua,7.06,68
211,2009,Argentina,7.06,68
1349,2013,South Africa,7.06,68
1297,2016,Dominican Rep.,7.06,68
97,2012,Guyana,7.05,68
1498,2008,Brazil,7.05,70
76,2011,Brazil,7.05,67
1311,2012,South Africa,7.05,68
1305,2008,Haiti,7.04,71
134,2011,Suriname,7.04,68
1453,2011,Serbia,7.04,68
1481,2010,Serbia,7.04,69
1502,2011,Moldova,7.03,70
962,2009,Bahrain,7.03,69
1261,2013,Dominican Rep.,7.03,70
1131,2010,Philippines,7.02,70
24,2009,Brazil,7.02,70
1119,2011,El Salvador,7.02,71
1465,2010,Thailand,7.02,70
1086,2012,Nicaragua,7.02,70
1393,2012,Fiji,7.02,70
1280,2009,Haiti,7.02,70
1282,2008,Paraguay,7.02,72
152,2017,Barbados,7.02,66
85,2014,Fiji,7.01,67
1270,2010,Turkey,7.01,72
1501,2012,Moldova,7.01,72
1196,2011,Jamaica,7.01,72
902,2015,Rwanda,7.01,68
1523,2010,Moldova,7.0,73
1202,2016,El Salvador,7.0,69
1287,2010,Pap. New Guinea,7.0,73
1079,2015,Botswana,7.0,69
1241,2011,Dominican Rep.,7.0,73
1259,2010,Indonesia,7.0,73
1366,2008,Rwanda,7.0,73
1334,2013,Paraguay,7.0,71
1304,2008,Pap. New Guinea,6.99,74
1513,2014,Haiti,6.99,68
1236,2009,Namibia,6.99,72
1014,2009,Honduras,6.99,72
1530,2016,South Africa,6.99,70
1011,2010,Honduras,6.99,76
1251,2009,Turkey,6.99,72
72,2011,Malawi,6.98,74
1055,2016,Philippines,6.98,71
1293,2017,Kyrgyz Republic,6.98,67
1171,2016,Kenya,6.98,71
1176,2013,Indonesia,6.98,72
1113,2014,Botswana,6.98,69
1275,2016,Paraguay,6.97,73
1255,2008,Namibia,6.97,75
1277,2015,Dominican Rep.,6.97,70
1364,2010,Namibia,6.96,77
1180,2008,Turkey,6.96,76
412,2010,Argentina,6.96,77
1411,2012,Namibia,6.96,73
248,2014,Ghana,6.96,70
187,2011,Bolivia,6.96,75
1053,2011,Philippines,6.96,75
1130,2011,Nicaragua,6.96,75
133,2015,Ghana,6.96,71
71,2013,Moldova,6.95,73
21,2011,Namibia,6.95,78
1518,2011,Thailand,6.95,78
1376,2015,Belize,6.95,72
33,2010,Belize,6.95,79
1382,2017,Belize,6.95,68
1491,2013,Namibia,6.95,73
210,2011,Ukraine,6.95,78
1298,2017,Dominican Rep.,6.95,68
940,2016,Jordan,6.94,74
53,2017,Ghana,6.94,70
1351,2014,Belize,6.94,71
84,2013,Benin,6.94,75
1375,2008,Mexico,6.94,77
1246,2010,Dominican Rep.,6.94,80
1490,2015,Namibia,6.94,73
1514,2017,Moldova,6.93,71
1265,2011,Indonesia,6.93,81
257,2010,Nepal,6.93,81
1072,2016,Indonesia,6.93,75
1489,2017,Colombia,6.93,71
414,2011,Argentina,6.93,81
1030,2011,Zambia,6.92,83
971,2014,Philippines,6.92,72
1257,2008,Philippines,6.92,78
1018,2012,Philippines,6.92,74
1443,2011,India,6.92,83
1160,2014,Nicaragua,6.91,73
936,2015,Jordan,6.91,74
790,2013,Jordan,6.91,76
1377,2012,Dominican Rep.,6.91,75
1373,2009,Paraguay,6.91,75
35,2009,Bolivia,6.91,75
1168,2008,Kazakhstan,6.91,79
335,2010,Ukraine,6.91,82
1019,2013,Rwanda,6.91,76
1308,2015,Paraguay,6.9,75
1243,2017,Paraguay,6.9,73
1197,2017,Kazakhstan,6.9,73
1383,2014,Paraguay,6.9,74
1146,2009,Kazakhstan,6.9,77
259,2014,Benin,6.9,74
1058,2014,Honduras,6.9,74
1141,2017,El Salvador,6.89,75
1505,2014,Namibia,6.89,77
276,2016,Ecuador,6.89,76
173,2012,Brazil,6.89,76
260,2013,Guyana,6.89,78
1389,2009,Indonesia,6.88,78
81,2016,Namibia,6.88,77
200,2012,Ukraine,6.88,77
1309,2010,Colombia,6.88,83
1035,2017,Philippines,6.88,76
128,2012,Bolivia,6.88,77
1285,2010,Kazakhstan,6.88,83
1521,2016,Moldova,6.88,77
1331,2015,Mexico,6.88,76
1448,2009,Mexico,6.87,79
977,2016,Rwanda,6.87,79
1300,2010,South Africa,6.87,85
1167,2010,Botswana,6.87,85
1284,2012,Indonesia,6.87,79
1295,2013,Pap. New Guinea,6.87,79
1048,2011,Lebanon,6.86,85
1081,2013,Botswana,6.86,80
1262,2017,Nicaragua,6.86,77
519,2017,Argentina,6.86,77
1271,2009,Pap. New Guinea,6.86,80
956,2011,Rwanda,6.86,85
1507,2009,Guyana,6.86,80
1221,2017,Kenya,6.85,79
1519,2015,Haiti,6.85,77
1522,2008,Benin,6.85,80
181,2013,Bolivia,6.85,81
1066,2012,Botswana,6.85,80
1538,2013,Madagascar,6.85,81
1394,2013,Bhutan,6.85,81
1088,2012,Zambia,6.84,81
107,2010,Bolivia,6.84,87
1535,2014,Moldova,6.84,78
115,2008,Burkina Faso,6.84,81
910,2014,Jordan,6.84,78
925,2017,Jordan,6.84,80
295,2009,Nepal,6.84,82
299,2010,Burkina Faso,6.84,87
1004,2010,Bahrain,6.83,89
216,2008,Nepal,6.83,82
1348,2009,Dominican Rep.,6.83,83
1473,2014,Colombia,6.83,80
45,2016,Haiti,6.83,80
1000,2012,Rwanda,6.83,82
1509,2016,Colombia,6.83,80
1078,2011,Botswana,6.83,87
808,2013,Philippines,6.83,84
1043,2017,Indonesia,6.83,81
1020,2014,Rwanda,6.82,81
1238,2012,Lebanon,6.82,83
1062,2017,Rwanda,6.82,82
213,2017,Ecuador,6.82,82
236,2009,Ukraine,6.82,84
1525,2009,Benin,6.82,84
286,2013,Ukraine,6.82,85
1413,2014,Bhutan,6.81,82
238,2008,Ukraine,6.81,83
1342,2009,South Africa,6.81,86
1314,2016,Kyrgyz Republic,6.81,82
1398,2014,Mexico,6.81,82
1303,2008,Trinidad and Tobago,6.81,83
1205,2008,Botswana,6.81,83
151,2013,Fiji,6.81,86
1500,2015,Colombia,6.81,78
1139,2017,Honduras,6.81,84
311,2011,Nepal,6.81,88
1470,2008,Indonesia,6.81,83
982,2015,Honduras,6.81,78
1307,2009,Philippines,6.8,87
26,2011,Trinidad and Tobago,6.8,89
1392,2008,India,6.8,87
1185,2012,Kazakhstan,6.8,84
901,2011,Jordan,6.79,90
1306,2009,Colombia,6.79,88
828,2012,Jordan,6.79,85
1369,2008,South Africa,6.78,88
1424,2009,India,6.78,89
1391,2016,Mexico,6.78,83
1484,2012,India,6.78,86
1395,2008,Colombia,6.78,88
1199,2015,Indonesia,6.78,80
1237,2016,Lebanon,6.78,83
64,2015,Moldova,6.78,80
1174,2012,Brunei Darussalam,6.77,87
330,2017,Benin,6.77,85
1159,2015,Kazakhstan,6.77,82
1406,2009,Trinidad and Tobago,6.77,90
219,2012,Malawi,6.77,87
285,2015,Ecuador,6.77,82
1408,2010,Mexico,6.76,90
88,2010,Madagascar,6.76,90
176,2014,Nepal,6.76,84
383,2017,Timor-Leste,6.76,86
104,2010,Guyana,6.76,90
89,2014,Madagascar,6.75,85
561,2016,Argentina,6.75,85
1468,2013,Trinidad and Tobago,6.75,87
167,2011,Haiti,6.75,91
1531,2010,India,6.75,93
1402,2011,Pap. New Guinea,6.75,91
203,2009,Burkina Faso,6.75,91
1264,2011,Kenya,6.75,91
278,2013,Brazil,6.75,87
80,2017,Namibia,6.75,87
222,2013,Nepal,6.75,87
245,2011,Benin,6.75,91
1258,2016,Kazakhstan,6.75,85
65,2012,Trinidad and Tobago,6.75,89
1480,2014,Trinidad and Tobago,6.75,85
129,2008,Bolivia,6.75,90
25,2012,Thailand,6.74,90
1112,2012,Honduras,6.74,90
93,2013,Haiti,6.74,90
1291,2011,Brunei Darussalam,6.74,95
1290,2015,Bhutan,6.74,84
1274,2017,Lebanon,6.74,88
144,2010,Benin,6.74,94
1456,2011,Mexico,6.74,95
202,2017,Guyana,6.74,88
1330,2009,Botswana,6.74,92
351,2017,Burkina Faso,6.73,90
1286,2012,Pap. New Guinea,6.73,92
74,2009,Malawi,6.73,93
1090,2010,Lebanon,6.72,95
1017,2011,Honduras,6.72,97
1474,2010,Trinidad and Tobago,6.72,95
100,2015,Nepal,6.72,85
1417,2013,Mexico,6.72,91
1317,2011,Colombia,6.72,97
262,2012,Nepal,6.72,93
1347,2012,Colombia,6.72,93
300,2012,Ecuador,6.72,93
1208,2016,Nicaragua,6.72,87
87,2015,Guyana,6.72,85
164,2010,Malawi,6.71,97
136,2017,Haiti,6.71,91
246,2016,Pap. New Guinea,6.71,88
1032,2016,Uganda,6.71,88
389,2013,Burkina Faso,6.71,92
280,2014,Bolivia,6.71,87
1137,2016,Honduras,6.71,88
174,2010,Haiti,6.71,97
1193,2014,Kazakhstan,6.71,87
1380,2013,Colombia,6.71,92
363,2011,Burkina Faso,6.7,99
1405,2013,Tanzania,6.7,94
1234,2013,Kazakhstan,6.7,94
1232,2014,Indonesia,6.7,89
168,2008,Ecuador,6.7,91
1245,2015,Kenya,6.69,87
1010,2009,Zambia,6.69,94
105,2008,Madagascar,6.69,92
912,2011,Bahrain,6.69,100
403,2013,Ecuador,6.69,96
1367,2014,Turkey,6.69,90
175,2016,Guyana,6.69,91
132,2013,India,6.69,96
43,2013,Thailand,6.69,96
1089,2014,Uganda,6.69,90
1220,2010,Kenya,6.69,99
224,2015,Pap. New Guinea,6.68,88
1165,2012,Kenya,6.68,96
1423,2011,Tanzania,6.68,101
1449,2016,Trinidad and Tobago,6.68,92
69,2008,Malawi,6.68,93
874,2010,Jordan,6.68,100
400,2011,Ecuador,6.68,101
1478,2008,Guyana,6.68,93
1227,2015,Nicaragua,6.68,88
56,2009,Madagascar,6.68,95
183,2011,Madagascar,6.68,101
862,2015,Malaysia,6.67,90
398,2016,Benin,6.67,93
1077,2008,Zambia,6.67,95
424,2015,Benin,6.67,90
860,2013,Malaysia,6.67,99
1479,2012,Mexico,6.67,97
1529,2012,Tajikistan,6.66,98
1182,2009,Kenya,6.66,96
1173,2015,Bahrain,6.66,92
1354,2015,Turkey,6.66,92
1268,2013,Zambia,6.66,100
984,2010,Zambia,6.66,101
1120,2010,Brunei Darussalam,6.66,101
1528,2015,Lesotho,6.65,94
290,2016,Bolivia,6.65,94
419,2016,Malawi,6.65,94
1283,2017,Mexico,6.65,92
1302,2008,Kyrgyz Republic,6.65,96
67,2014,Lesotho,6.65,92
1537,2017,Belarus,6.65,92
1106,2016,Bahrain,6.65,94
1310,2017,India,6.64,94
1252,2013,Kenya,6.64,101
314,2015,Bolivia,6.64,95
498,2012,Argentina,6.64,99
225,2010,Tajikistan,6.64,103
370,2010,Ecuador,6.64,103
1248,2014,Kenya,6.64,93
221,2009,Ecuador,6.63,97
1005,2017,Bahrain,6.63,95
1001,2009,Jordan,6.63,97
1233,2013,Lebanon,6.63,102
390,2016,Burkina Faso,6.63,97
1172,2009,Kuwait,6.63,97
1050,2015,Uganda,6.63,96
1459,2017,Trinidad and Tobago,6.62,96
1157,2014,Bahrain,6.62,94
73,2012,Madagascar,6.62,100
1147,2013,Bahrain,6.62,103
1374,2011,Kazakhstan,6.62,104
1253,2009,Kyrgyz Republic,6.62,100
106,2011,Timor-Leste,6.62,104
304,2017,Bolivia,6.61,97
1278,2008,Kenya,6.61,97
39,2014,Thailand,6.61,95
185,2014,Pap. New Guinea,6.61,95
976,2017,Uganda,6.61,97
1207,2014,Liberia,6.6,97
1121,2013,Honduras,6.6,104
1403,2010,Tanzania,6.6,105
1161,2008,Kuwait,6.6,98
350,2012,Benin,6.6,101
186,2017,Pap. New Guinea,6.6,99
368,2017,Malawi,6.6,99
20,2008,Dominican Rep.,6.6,98
241,2014,Guyana,6.6,97
393,2017,C?te d'Ivoire,6.59,101
147,2015,Madagascar,6.59,97
109,2016,Nepal,6.59,98
1042,2008,Jordan,6.59,100
415,2015,Malawi,6.58,98
60,2016,Lesotho,6.58,99
110,2015,Trinidad and Tobago,6.58,98
1381,2015,Thailand,6.58,98
382,2012,Burkina Faso,6.57,102
1333,2016,Bhutan,6.57,100
282,2017,Senegal,6.57,102
396,2013,Malawi,6.57,105
354,2014,Burkina Faso,6.57,99
1510,2012,Tanzania,6.56,103
869,2014,Malaysia,6.56,100
384,2014,Malawi,6.56,100
375,2016,C?te d'Ivoire,6.56,101
781,2008,United Arab Emirates,6.56,101
328,2015,Burkina Faso,6.56,101
1396,2011,Malaysia,6.55,106
1341,2017,Thailand,6.55,103
575,2013,Argentina,6.55,106
1263,2014,Zambia,6.54,102
1343,2014,Kyrgyz Republic,6.54,102
580,2015,Argentina,6.54,102
1267,2015,Lebanon,6.54,102
464,2014,Ecuador,6.54,102
114,2017,Lesotho,6.54,104
1430,2016,India,6.54,102
1399,2017,Bhutan,6.53,105
201,2015,Timor-Leste,6.53,104
1136,2012,Bahrain,6.53,104
1027,2017,Malaysia,6.52,106
1033,2016,Malaysia,6.52,103
1076,2010,"Gambia, The",6.52,106
876,2010,Uganda,6.51,107
137,2017,Nepal,6.51,107
974,2013,Uganda,6.51,107
243,2016,Madagascar,6.51,104
1363,2010,Malaysia,6.51,107
1415,2013,Brunei Darussalam,6.51,107
1384,2015,Zambia,6.51,105
1472,2009,Malaysia,6.5,101
1021,2012,Qatar,6.5,105
1409,2010,Kuwait,6.5,109
1462,2015,India,6.49,106
1458,2014,Tanzania,6.49,105
1365,2017,Zambia,6.49,108
1368,2016,Thailand,6.49,105
312,2014,C?te d'Ivoire,6.49,105
1497,2009,Tanzania,6.49,102
1488,2008,Russia,6.49,102
356,2012,Haiti,6.49,106
1023,2013,Qatar,6.49,109
846,2010,United Arab Emirates,6.48,110
190,2014,Timor-Leste,6.48,107
98,2013,Lesotho,6.48,110
1312,2015,Liberia,6.48,107
247,2017,Brazil,6.48,109
1401,2015,Kyrgyz Republic,6.47,108
79,2010,Russia,6.47,111
46,2012,Russia,6.47,107
59,2013,Russia,6.46,111
926,2014,Qatar,6.46,108
352,2013,C?te d'Ivoire,6.46,111
108,2012,Timor-Leste,6.46,108
1511,2016,Sri Lanka,6.45,106
355,2014,Brazil,6.45,109
179,2013,Timor-Leste,6.45,113
930,2009,United Arab Emirates,6.45,103
86,2008,Azerbaijan,6.44,103
362,2016,Senegal,6.44,107
162,2011,Tajikistan,6.44,107
1370,2012,Malaysia,6.44,109
1356,2015,Tanzania,6.43,109
131,2014,Tunisia,6.43,110
83,2011,Russia,6.43,108
1279,2014,Lebanon,6.42,111
297,2014,Senegal,6.42,111
1183,2011,"Gambia, The",6.41,109
1230,2011,Tunisia,6.41,109
1532,2009,Russia,6.41,104
66,2017,Sri Lanka,6.41,110
420,2010,Timor-Leste,6.41,112
96,2017,Eswatini,6.4,111
820,2013,United Arab Emirates,6.4,114
135,2009,Vietnam,6.4,105
1485,2013,Kyrgyz Republic,6.4,114
361,2015,C?te d'Ivoire,6.4,110
172,2009,Senegal,6.4,105
195,2016,Timor-Leste,6.4,108
1008,2008,Uganda,6.4,104
329,2014,Togo,6.4,113
1492,2016,Zambia,6.39,109
1460,2011,Kuwait,6.39,111
1446,2015,Sri Lanka,6.39,111
850,2009,Uganda,6.39,107
1539,2010,Sri Lanka,6.39,113
1419,2008,Malaysia,6.38,105
765,2012,United Arab Emirates,6.38,110
1340,2017,Nigeria,6.38,112
397,2010,Niger,6.38,114
91,2013,Eswatini,6.37,116
307,2015,Senegal,6.37,112
271,2013,Senegal,6.37,116
27,2008,Tanzania,6.37,106
1407,2012,Kuwait,6.37,111
287,2010,Vietnam,6.36,115
1357,2016,Nigeria,6.36,110
360,2016,Togo,6.36,110
1464,2016,Liberia,6.36,110
1397,2016,Tanzania,6.36,110
333,2010,Azerbaijan,6.36,115
70,2017,Liberia,6.35,113
1487,2012,Kyrgyz Republic,6.34,112
1386,2017,Russia,6.34,114
191,2015,Tunisia,6.34,113
47,2013,Morocco,6.34,118
1250,2012,Oman,6.34,112
198,2014,India,6.34,114
240,2010,Sierra Leone,6.33,117
1526,2013,Kuwait,6.33,119
52,2012,Morocco,6.33,114
1110,2011,Uganda,6.33,112
32,2010,Morocco,6.33,117
1142,2015,Qatar,6.32,114
146,2015,Eswatini,6.32,114
1054,2013,"Gambia, The",6.32,120
1503,2009,Morocco,6.32,108
298,2017,Madagascar,6.32,115
253,2017,Togo,6.31,116
1418,2013,Sri Lanka,6.31,121
48,2011,Morocco,6.31,113
182,2008,Vietnam,6.31,107
1299,2013,Oman,6.31,121
1068,2012,Uganda,6.31,115
385,2014,Sierra Leone,6.31,115
283,2013,Tajikistan,6.3,123
1111,2008,Oman,6.3,108
327,2010,Senegal,6.3,119
214,2008,Senegal,6.29,109
1129,2009,Oman,6.29,109
223,2017,Vietnam,6.29,117
1371,2016,Turkey,6.29,114
968,2016,United Arab Emirates,6.29,114
1350,2011,Oman,6.29,114
442,2015,Sierra Leone,6.29,116
155,2009,Azerbaijan,6.29,109
113,2009,Sierra Leone,6.28,111
792,2011,United Arab Emirates,6.28,115
154,2011,Lesotho,6.28,115
322,2016,Brazil,6.28,116
163,2016,Eswatini,6.28,116
1288,2014,Oman,6.27,116
1533,2011,Kyrgyz Republic,6.27,117
1476,2010,Kyrgyz Republic,6.27,120
604,2014,Argentina,6.27,116
406,2017,Ukraine,6.26,118
77,2012,Tunisia,6.26,116
1134,2014,"Gambia, The",6.26,118
1404,2017,Tanzania,6.26,118
365,2015,Togo,6.25,117
1534,2016,Morocco,6.25,118
1506,2008,Morocco,6.24,110
1123,2016,Qatar,6.24,119
1508,2015,Laos,6.24,118
254,2010,Mali,6.24,121
536,2017,Mozambique,6.24,120
1452,2016,Russia,6.24,119
138,2012,Lesotho,6.24,117
193,2008,Sierra Leone,6.24,110
206,2012,Sierra Leone,6.24,117
313,2009,Niger,6.24,112
112,2014,Russia,6.23,119
1292,2012,"Gambia, The",6.22,119
1022,2010,Qatar,6.22,122
143,2014,Eswatini,6.22,120
220,2014,Tajikistan,6.22,120
967,2014,United Arab Emirates,6.22,120
189,2017,Azerbaijan,6.22,121
1493,2016,Laos,6.22,121
392,2015,Brazil,6.21,119
149,2013,Tunisia,6.21,124
1496,2017,Turkey,6.21,122
1495,2011,Sri Lanka,6.2,118
178,2013,Togo,6.2,125
408,2012,Mozambique,6.2,120
1499,2017,Laos,6.2,123
30,2014,Laos,6.2,123
170,2017,Kuwait,6.19,124
1158,2011,Qatar,6.19,119
1477,2014,Sri Lanka,6.19,124
1461,2017,Morocco,6.18,125
441,2013,Mozambique,6.18,126
1242,2010,Oman,6.18,123
165,2017,China,6.17,126
55,2015,Morocco,6.16,120
431,2016,Ukraine,6.16,122
1044,2015,United Arab Emirates,6.16,120
49,2008,Lesotho,6.16,112
130,2009,Mali,6.16,113
331,2016,Belarus,6.16,122
364,2011,Vietnam,6.16,120
316,2013,Sierra Leone,6.15,127
92,2016,Kuwait,6.15,124
1206,2017,Qatar,6.15,127
371,2014,Ukraine,6.14,125
317,2013,Burundi,6.14,128
99,2014,Morocco,6.14,125
150,2012,Eswatini,6.14,121
266,2008,Mozambique,6.14,113
258,2011,Sierra Leone,6.13,121
388,2011,Senegal,6.13,121
239,2016,Tunisia,6.13,125
42,2014,Kuwait,6.13,127
310,2013,Vietnam,6.13,129
438,2011,Mozambique,6.13,121
29,2013,Nigeria,6.13,129
358,2009,Burundi,6.13,114
1127,2017,United Arab Emirates,6.13,128
159,2014,Azerbaijan,6.12,128
1378,2009,Tunisia,6.12,115
111,2010,Eswatini,6.11,124
249,2013,Azerbaijan,6.11,131
413,2012,C?te d'Ivoire,6.11,122
379,2012,Senegal,6.11,122
1536,2008,China,6.11,114
205,2013,China,6.1,132
62,2008,Nigeria,6.1,115
1388,2008,Tunisia,6.1,115
523,2015,Mozambique,6.1,122
269,2012,Vietnam,6.1,124
95,2009,Lesotho,6.1,116
1155,2015,"Gambia, The",6.09,123
75,2015,Russia,6.09,123
1067,2016,"Gambia, The",6.09,126
263,2017,Tunisia,6.08,129
194,2010,Lesotho,6.08,125
196,2012,Azerbaijan,6.07,125
197,2008,Mali,6.07,117
102,2016,Azerbaijan,6.07,127
565,2017,Guinea-Bissau,6.07,130
270,2011,Azerbaijan,6.07,124
171,2012,China,6.07,125
301,2014,Vietnam,6.07,129
570,2015,Guinea-Bissau,6.06,125
37,2009,China,6.06,117
1516,2012,Sri Lanka,6.06,127
264,2015,Vietnam,6.06,125
209,2016,Vietnam,6.06,128
373,2009,Guinea-Bissau,6.06,117
40,2014,Nigeria,6.06,130
1524,2015,Oman,6.05,127
325,2011,Mali,6.05,125
533,2016,Mozambique,6.05,129
207,2011,China,6.05,125
101,2011,Eswatini,6.04,127
1512,2015,Nigeria,6.03,128
177,2010,China,6.03,126
265,2009,C?te d'Ivoire,6.03,119
410,2017,Mali,6.03,131
332,2012,Cameroon,6.03,128
324,2011,Cameroon,6.02,128
422,2011,Niger,6.02,128
212,2014,China,6.02,131
157,2016,China,6.02,130
468,2010,Mozambique,6.01,127
503,2016,Sierra Leone,6.01,131
405,2011,C?te d'Ivoire,6.0,130
334,2008,Niger,6.0,118
1412,2016,Oman,6.0,132
1294,2016,Brunei Darussalam,5.99,133
208,2016,Tajikistan,5.99,133
215,2015,Tajikistan,5.99,129
1353,2014,Brunei Darussalam,5.99,132
435,2017,Gabon,5.99,132
418,2013,Cameroon,5.99,133
505,2017,Sierra Leone,5.99,132
447,2016,Mali,5.98,135
1428,2017,Oman,5.98,134
90,2012,Nigeria,5.98,129
476,2013,Niger,5.98,134
391,2008,Guinea-Bissau,5.97,119
502,2010,Guinea-Bissau,5.97,128
28,2009,Sri Lanka,5.97,120
321,2009,Mozambique,5.97,120
160,2015,Azerbaijan,5.97,130
407,2010,C?te d'Ivoire,5.97,128
607,2016,Guinea-Bissau,5.97,136
54,2010,Tunisia,5.96,130
477,2014,Mozambique,5.96,133
296,2008,C?te d'Ivoire,5.95,120
1107,2017,"Gambia, The",5.94,135
428,2012,Niger,5.94,130
552,2014,Guinea-Bissau,5.93,134
366,2015,Mali,5.93,131
326,2012,Mali,5.92,131
188,2010,Bangladesh,5.91,131
169,2015,China,5.91,132
68,2009,Bangladesh,5.91,122
218,2011,Bangladesh,5.9,131
308,2010,Cameroon,5.9,132
564,2016,Angola,5.89,137
1421,2015,Brunei Darussalam,5.89,133
61,2011,Nigeria,5.89,132
161,2015,Kuwait,5.89,133
353,2013,Mali,5.88,135
401,2014,Mali,5.88,135
530,2015,Ukraine,5.88,135
485,2017,Niger,5.87,136
288,2009,Gabon,5.86,123
267,2014,Bangladesh,5.83,136
480,2011,Burundi,5.83,133
199,2009,Nigeria,5.83,124
192,2010,Nigeria,5.83,133
1504,2008,Egypt,5.82,121
448,2011,Guinea-Bissau,5.82,134
274,2012,Guinea-Bissau,5.81,132
520,2010,Burundi,5.8,134
148,2008,Bangladesh,5.8,122
255,2009,Cameroon,5.8,125
603,2015,"Congo, Rep. Of",5.8,136
587,2017,"Congo, Rep. Of",5.8,137
268,2008,Gabon,5.79,123
484,2015,Angola,5.79,137
378,2017,Tajikistan,5.77,138
275,2017,Bangladesh,5.77,138
443,2012,Burundi,5.77,133
600,2014,"Congo, Rep. Of",5.76,137
436,2014,Niger,5.76,137
153,2010,Egypt,5.75,135
237,2015,Bangladesh,5.75,138
470,2011,Gabon,5.74,135
261,2015,Zimbabwe,5.73,139
411,2014,Cameroon,5.73,139
432,2010,Gabon,5.73,136
372,2016,Zimbabwe,5.72,138
244,2012,Bangladesh,5.72,134
103,2009,Egypt,5.71,126
318,2008,Cameroon,5.7,124
289,2016,Bangladesh,5.7,139
463,2016,Niger,5.7,139
387,2008,Burundi,5.7,124
559,2010,"Congo, Rep. Of",5.69,137
82,2008,Sri Lanka,5.69,126
481,2016,Gabon,5.69,141
409,2017,Pakistan,5.69,140
500,2013,Gabon,5.69,136
19,2017,Brunei Darussalam,5.69,140
494,2013,Guinea,5.68,137
473,2016,Cameroon,5.68,142
315,2008,Togo,5.67,127
217,2013,Bangladesh,5.67,138
489,2014,Myanmar,5.67,140
439,2009,"Congo, Rep. Of",5.66,127
1416,2010,Saudi Arabia,5.66,138
166,2009,Pakistan,5.65,128
511,2017,Zimbabwe,5.65,142
381,2015,Pakistan,5.65,140
465,2017,Cameroon,5.64,143
594,2013,"Congo, Rep. Of",5.64,139
180,2009,Mauritania,5.64,129
490,2015,Niger,5.61,141
445,2017,Guinea,5.61,144
423,2016,Pakistan,5.61,143
624,2016,"Congo, Rep. Of",5.61,143
256,2011,Pakistan,5.61,136
467,2015,Gabon,5.6,142
504,2016,Guinea,5.6,145
376,2011,Mauritania,5.58,137
374,2008,Central Afr. Rep.,5.58,128
518,2016,Myanmar,5.58,146
479,2016,"Congo, Dem. R.",5.56,147
369,2009,Togo,5.56,130
281,2017,Burundi,5.56,145
486,2010,Togo,5.56,139
499,2014,Zimbabwe,5.56,141
482,2010,Chad,5.55,140
273,2010,Pakistan,5.55,140
425,2008,"Congo, Rep. Of",5.55,129
478,2012,Togo,5.55,135
426,2009,Central Afr. Rep.,5.53,131
158,2008,Mauritania,5.52,130
457,2011,Togo,5.51,138
579,2014,Chad,5.51,142
469,2012,Gabon,5.5,136
319,2014,Burundi,5.49,143
566,2011,"Congo, Rep. Of",5.49,139
507,2015,Myanmar,5.49,143
303,2011,Syria,5.49,139
302,2009,Ethiopia,5.48,132
529,2013,Zimbabwe,5.48,140
509,2014,Gabon,5.48,144
293,2012,Pakistan,5.48,137
320,2017,Mauritania,5.47,146
380,2010,Mauritania,5.47,142
429,2014,Pakistan,5.47,145
572,2012,"Congo, Rep. Of",5.46,138
555,2017,Chad,5.46,147
516,2015,Guinea,5.46,144
291,2011,Egypt,5.45,141
582,2013,Guinea-Bissau,5.45,141
553,2016,Central Afr. Rep.,5.45,148
142,2014,Saudi Arabia,5.45,146
305,2012,Egypt,5.45,139
585,2014,Angola,5.44,147
139,2013,Saudi Arabia,5.44,142
497,2010,Angola,5.44,143
532,2017,Myanmar,5.44,148
251,2008,Pakistan,5.44,131
386,2009,Angola,5.44,133
357,2013,Pakistan,5.43,143
277,2009,Syria,5.43,134
394,2012,Mauritania,5.42,140
94,2017,Saudi Arabia,5.42,149
430,2015,Cameroon,5.42,145
51,2011,Saudi Arabia,5.41,142
127,2016,Saudi Arabia,5.41,149
563,2013,Chad,5.41,144
521,2014,Guinea,5.41,148
569,2017,Central Afr. Rep.,5.41,150
433,2013,Mauritania,5.4,145
605,2017,Angola,5.4,151
567,2015,Chad,5.4,146
284,2010,"Yemen, Rep.",5.4,144
377,2010,Syria,5.39,145
204,2016,Burundi,5.39,150
421,2014,Mauritania,5.38,149
466,2010,Ethiopia,5.37,146
501,2011,Angola,5.37,143
309,2016,Mauritania,5.36,151
601,2017,"Congo, Dem. R.",5.36,152
399,2009,"Congo, Dem. R.",5.36,135
515,2010,"Congo, Dem. R.",5.36,147
458,2012,Angola,5.35,141
537,2010,Central Afr. Rep.,5.35,148
417,2009,Chad,5.35,136
496,2013,Ethiopia,5.35,146
395,2015,Mauritania,5.34,147
294,2008,Syria,5.34,132
156,2012,Saudi Arabia,5.33,142
483,2013,Myanmar,5.33,147
367,2008,Ethiopia,5.33,133
434,2012,Ethiopia,5.3,143
538,2011,Chad,5.3,144
471,2015,"Congo, Dem. R.",5.29,148
279,2008,Iran,5.29,134
359,2008,Algeria,5.29,134
402,2009,Algeria,5.28,137
554,2013,Angola,5.28,148
404,2008,"Congo, Dem. R.",5.27,136
459,2008,Venezuela,5.27,136
526,2010,Algeria,5.26,149
568,2012,Chad,5.26,144
506,2011,Ethiopia,5.26,145
492,2017,Ethiopia,5.25,153
488,2012,Myanmar,5.25,145
250,2015,Saudi Arabia,5.25,149
557,2014,Central Afr. Rep.,5.25,150
427,2013,Egypt,5.23,149
534,2016,Ethiopia,5.23,152
416,2008,Chad,5.23,138
599,2016,Algeria,5.22,153
472,2009,Myanmar,5.21,138
577,2011,Venezuela,5.21,146
574,2014,Algeria,5.2,151
460,2009,Venezuela,5.18,139
535,2013,Algeria,5.16,150
556,2012,Zimbabwe,5.16,146
462,2013,Central Afr. Rep.,5.16,150
527,2011,Algeria,5.15,147
560,2011,Zimbabwe,5.13,148
292,2015,Burundi,5.13,150
595,2015,Central Afr. Rep.,5.12,151
517,2011,Central Afr. Rep.,5.12,149
495,2016,Iran,5.11,154
578,2016,Chad,5.11,154
491,2017,Iran,5.1,154
583,2012,Venezuela,5.09,147
531,2014,Ethiopia,5.09,152
540,2015,Ethiopia,5.08,152
336,2009,Iran,5.06,140
528,2012,Algeria,5.06,148
513,2011,"Congo, Dem. R.",5.06,150
606,2015,Algeria,5.04,153
581,2010,Venezuela,5.02,150
437,2008,Angola,5.02,139
493,2015,Iran,5.01,154
539,2014,"Congo, Dem. R.",5.01,153
446,2010,Iran,4.99,151
610,2017,Algeria,4.99,155
588,2013,Libya,4.98,152
444,2008,Zimbabwe,4.96,140
525,2012,Central Afr. Rep.,4.96,149
524,2013,"Congo, Dem. R.",4.93,153
562,2010,Zimbabwe,4.92,152
573,2010,Myanmar,4.92,152
440,2009,Zimbabwe,4.91,141
474,2014,Egypt,4.87,154
602,2013,Venezuela,4.84,154
571,2011,Myanmar,4.83,151
475,2008,Myanmar,4.81,141
510,2012,"Congo, Dem. R.",4.81,150
514,2014,Iran,4.8,155
18,2014,"Yemen, Rep.",4.79,156
487,2011,Iran,4.78,152
242,2013,"Yemen, Rep.",4.74,155
508,2012,Syria,4.72,151
512,2013,Iran,4.65,156
626,2017,Libya,4.64,156
252,2012,"Yemen, Rep.",4.61,152
272,2011,"Yemen, Rep.",4.59,153
522,2012,Iran,4.55,153
596,2014,Libya,4.54,157
593,2017,Egypt,4.5,157
608,2014,Venezuela,4.5,158
590,2016,Egypt,4.49,156
558,2015,Egypt,4.49,155
586,2015,Libya,4.48,156
627,2016,Libya,4.48,157
598,2016,Sudan,4.44,158
576,2017,Iraq,4.34,158
625,2017,Sudan,4.32,159
461,2017,"Yemen, Rep.",4.3,160
584,2016,Iraq,4.28,159
323,2015,"Yemen, Rep.",4.21,157
306,2016,"Yemen, Rep.",4.19,160
628,2016,Venezuela,4.13,161
611,2015,Venezuela,4.08,158
589,2014,Syria,3.94,159
597,2013,Syria,3.88,157
591,2015,Syria,3.83,159
629,2017,Venezuela,3.8,161
592,2017,Syria,3.79,162
609,2016,Syria,3.69,162
